{"mean_": [2.5683366686286053], "var_": [29.018918469349934], "scale_": [5.386921056535908]}