{"mean_": [46.53549146556798], "var_": [601.4661623688206], "scale_": [24.524807081174373]}