{"mean_": [141.7442024720424], "var_": [9498.125150320393], "scale_": [97.4583251975961]}