{"mean_": [2006.5008828722778], "var_": [47.96253600688145], "scale_": [6.925498971690159]}