{"min_": [-0.0010011012113324658], "scale_": [0.010011012113324657]}