{"min_": [-34.368421052631575], "scale_": [0.017543859649122806]}